{
    "display": {
        "title": {
            "text": "Death Counter",
            "color": "aqua",
            "bold": true
        },
        "description": {
            "text": "A Customizable Death Counter which auto detects players.",
            "color": "white"
        },
        "icon": {
            "item": "minecraft:skeleton_skull"
        },
        "frame": "task",
        "show_toast": false,
        "announce_to_chat": false,
        "hidden": false
    },
    "criteria": {
        "alap": {
            "trigger": "minecraft:tick"
        }
    },
    "requirements": [
        [
            "alap"
        ]
    ],
    "parent": "antrolgaming:root"
}
