{
    "display": {
        "title": {
            "text": "AntrolGaming",
            "color": "aqua",
            "bold": true
        },
        "description": {
            "text": "Thank you for using our Datapacks!",
            "color": "green"
        },
        "icon": {
            "item": "minecraft:beacon"
        },
        "frame": "task",
        "show_toast": false,
        "announce_to_chat": false,
        "hidden": false,
        "background": "minecraft:textures/block/deepslate_bricks.png"
    },
    "criteria": {
        "alap": {
            "trigger": "minecraft:tick"
        }
    },
    "requirements": [
        [
            "alap"
        ]
    ]
}